exp_name,ssim_avg,mse_avg,nmse_avg,psnr_avg,mae_avg,ssim_clean_mask_avg,mse_clean_mask_avg,nmse_clean_mask_avg,psnr_clean_mask_avg,mae_clean_mask_avg,ssim_std,mse_std,nmse_std,psnr_std,mae_std,ssim_clean_mask_std,mse_clean_mask_std,nmse_clean_mask_std,psnr_clean_mask_std,mae_clean_mask_std
24_12_05_patch_32_160_160,0.4180434993262497,148464.37413194444,0.21115657784835914,16.832111418712405,188.6565144856771,0.5640404593408288,286061.6313042799,0.7847964872802523,17.423496932445424,318.0002006192512,0.07273985596660183,26425.205239539286,0.04391233761195001,1.327847268970935,15.477339240509194,0.04931267834114811,43339.67246076486,0.14256718051614595,1.4606889042148443,24.257532346348125
